name	type	units	low_cutoff	high_cutoff	description	sampling_frequency	status	status_description
A1	SEEG	µV	0.0	1024.0	StereoEEG	2048.0	good	n/a
A2	SEEG	µV	0.0	1024.0	StereoEEG	2048.0	good	n/a
A3	SEEG	µV	0.0	1024.0	StereoEEG	2048.0	good	n/a
A4	SEEG	µV	0.0	1024.0	StereoEEG	2048.0	good	n/a
A5	SEEG	µV	0.0	1024.0	StereoEEG	2048.0	good	n/a
A6	SEEG	µV	0.0	1024.0	StereoEEG	2048.0	good	n/a
A7	SEEG	µV	0.0	1024.0	StereoEEG	2048.0	good	n/a
A8	SEEG	µV	0.0	1024.0	StereoEEG	2048.0	good	n/a
A9	SEEG	µV	0.0	1024.0	StereoEEG	2048.0	good	n/a
A10	SEEG	µV	0.0	1024.0	StereoEEG	2048.0	good	n/a
A11	SEEG	µV	0.0	1024.0	StereoEEG	2048.0	good	n/a
A12	SEEG	µV	0.0	1024.0	StereoEEG	2048.0	good	n/a
B1	SEEG	µV	0.0	1024.0	StereoEEG	2048.0	good	n/a
B2	SEEG	µV	0.0	1024.0	StereoEEG	2048.0	good	n/a
B3	SEEG	µV	0.0	1024.0	StereoEEG	2048.0	good	n/a
B4	SEEG	µV	0.0	1024.0	StereoEEG	2048.0	good	n/a
B5	SEEG	µV	0.0	1024.0	StereoEEG	2048.0	good	n/a
B6	SEEG	µV	0.0	1024.0	StereoEEG	2048.0	good	n/a
B7	SEEG	µV	0.0	1024.0	StereoEEG	2048.0	good	n/a
B'12	SEEG	µV	0.0	1024.0	StereoEEG	2048.0	good	n/a
B'13	SEEG	µV	0.0	1024.0	StereoEEG	2048.0	good	n/a
B'14	SEEG	µV	0.0	1024.0	StereoEEG	2048.0	good	n/a
B'15	SEEG	µV	0.0	1024.0	StereoEEG	2048.0	good	n/a
B'16	SEEG	µV	0.0	1024.0	StereoEEG	2048.0	good	n/a
C1	SEEG	µV	0.0	1024.0	StereoEEG	2048.0	good	n/a
C2	SEEG	µV	0.0	1024.0	StereoEEG	2048.0	good	n/a
C3	SEEG	µV	0.0	1024.0	StereoEEG	2048.0	good	n/a
C4	SEEG	µV	0.0	1024.0	StereoEEG	2048.0	good	n/a
C5	SEEG	µV	0.0	1024.0	StereoEEG	2048.0	good	n/a
C6	SEEG	µV	0.0	1024.0	StereoEEG	2048.0	good	n/a
C7	SEEG	µV	0.0	1024.0	StereoEEG	2048.0	good	n/a
C8	SEEG	µV	0.0	1024.0	StereoEEG	2048.0	good	n/a
D1	SEEG	µV	0.0	1024.0	StereoEEG	2048.0	good	n/a
D2	SEEG	µV	0.0	1024.0	StereoEEG	2048.0	good	n/a
D3	SEEG	µV	0.0	1024.0	StereoEEG	2048.0	good	n/a
D4	SEEG	µV	0.0	1024.0	StereoEEG	2048.0	good	n/a
D'9	SEEG	µV	0.0	1024.0	StereoEEG	2048.0	good	n/a
D'10	SEEG	µV	0.0	1024.0	StereoEEG	2048.0	good	n/a
D'11	SEEG	µV	0.0	1024.0	StereoEEG	2048.0	good	n/a
D'12	SEEG	µV	0.0	1024.0	StereoEEG	2048.0	good	n/a
E1	SEEG	µV	0.0	1024.0	StereoEEG	2048.0	good	n/a
E2	SEEG	µV	0.0	1024.0	StereoEEG	2048.0	good	n/a
E3	SEEG	µV	0.0	1024.0	StereoEEG	2048.0	good	n/a
E4	SEEG	µV	0.0	1024.0	StereoEEG	2048.0	good	n/a
E5	SEEG	µV	0.0	1024.0	StereoEEG	2048.0	good	n/a
E6	SEEG	µV	0.0	1024.0	StereoEEG	2048.0	good	n/a
E7	SEEG	µV	0.0	1024.0	StereoEEG	2048.0	good	n/a
E8	SEEG	µV	0.0	1024.0	StereoEEG	2048.0	good	n/a
E9	SEEG	µV	0.0	1024.0	StereoEEG	2048.0	good	n/a
E10	SEEG	µV	0.0	1024.0	StereoEEG	2048.0	good	n/a
F1	SEEG	µV	0.0	1024.0	StereoEEG	2048.0	good	n/a
F2	SEEG	µV	0.0	1024.0	StereoEEG	2048.0	good	n/a
F3	SEEG	µV	0.0	1024.0	StereoEEG	2048.0	good	n/a
F4	SEEG	µV	0.0	1024.0	StereoEEG	2048.0	good	n/a
F5	SEEG	µV	0.0	1024.0	StereoEEG	2048.0	good	n/a
F6	SEEG	µV	0.0	1024.0	StereoEEG	2048.0	good	n/a
F7	SEEG	µV	0.0	1024.0	StereoEEG	2048.0	good	n/a
F8	SEEG	µV	0.0	1024.0	StereoEEG	2048.0	good	n/a
F9	SEEG	µV	0.0	1024.0	StereoEEG	2048.0	good	n/a
F10	SEEG	µV	0.0	1024.0	StereoEEG	2048.0	good	n/a
F11	SEEG	µV	0.0	1024.0	StereoEEG	2048.0	good	n/a
F12	SEEG	µV	0.0	1024.0	StereoEEG	2048.0	good	n/a
G1	SEEG	µV	0.0	1024.0	StereoEEG	2048.0	good	n/a
G2	SEEG	µV	0.0	1024.0	StereoEEG	2048.0	good	n/a
G3	SEEG	µV	0.0	1024.0	StereoEEG	2048.0	good	n/a
G4	SEEG	µV	0.0	1024.0	StereoEEG	2048.0	good	n/a
G5	SEEG	µV	0.0	1024.0	StereoEEG	2048.0	good	n/a
G'13	SEEG	µV	0.0	1024.0	StereoEEG	2048.0	good	n/a
G'14	SEEG	µV	0.0	1024.0	StereoEEG	2048.0	good	n/a
G'15	SEEG	µV	0.0	1024.0	StereoEEG	2048.0	good	n/a
G'16	SEEG	µV	0.0	1024.0	StereoEEG	2048.0	good	n/a
H1	SEEG	µV	0.0	1024.0	StereoEEG	2048.0	good	n/a
H2	SEEG	µV	0.0	1024.0	StereoEEG	2048.0	good	n/a
H3	SEEG	µV	0.0	1024.0	StereoEEG	2048.0	good	n/a
H4	SEEG	µV	0.0	1024.0	StereoEEG	2048.0	good	n/a
H5	SEEG	µV	0.0	1024.0	StereoEEG	2048.0	good	n/a
H6	SEEG	µV	0.0	1024.0	StereoEEG	2048.0	good	n/a
H'11	SEEG	µV	0.0	1024.0	StereoEEG	2048.0	good	n/a
H'12	SEEG	µV	0.0	1024.0	StereoEEG	2048.0	good	n/a
H'13	SEEG	µV	0.0	1024.0	StereoEEG	2048.0	good	n/a
H'14	SEEG	µV	0.0	1024.0	StereoEEG	2048.0	good	n/a
H'15	SEEG	µV	0.0	1024.0	StereoEEG	2048.0	good	n/a
H'16	SEEG	µV	0.0	1024.0	StereoEEG	2048.0	good	n/a
I1	SEEG	µV	0.0	1024.0	StereoEEG	2048.0	good	n/a
I2	SEEG	µV	0.0	1024.0	StereoEEG	2048.0	good	n/a
I3	SEEG	µV	0.0	1024.0	StereoEEG	2048.0	good	n/a
I4	SEEG	µV	0.0	1024.0	StereoEEG	2048.0	good	n/a
I5	SEEG	µV	0.0	1024.0	StereoEEG	2048.0	good	n/a
I6	SEEG	µV	0.0	1024.0	StereoEEG	2048.0	good	n/a
I7	SEEG	µV	0.0	1024.0	StereoEEG	2048.0	good	n/a
I'11	SEEG	µV	0.0	1024.0	StereoEEG	2048.0	good	n/a
I'12	SEEG	µV	0.0	1024.0	StereoEEG	2048.0	good	n/a
I'13	SEEG	µV	0.0	1024.0	StereoEEG	2048.0	good	n/a
I'14	SEEG	µV	0.0	1024.0	StereoEEG	2048.0	good	n/a
I'15	SEEG	µV	0.0	1024.0	StereoEEG	2048.0	good	n/a
I'16	SEEG	µV	0.0	1024.0	StereoEEG	2048.0	good	n/a
J3	SEEG	µV	0.0	1024.0	StereoEEG	2048.0	good	n/a
J4	SEEG	µV	0.0	1024.0	StereoEEG	2048.0	good	n/a
J5	SEEG	µV	0.0	1024.0	StereoEEG	2048.0	good	n/a
J6	SEEG	µV	0.0	1024.0	StereoEEG	2048.0	good	n/a
J7	SEEG	µV	0.0	1024.0	StereoEEG	2048.0	good	n/a
J8	SEEG	µV	0.0	1024.0	StereoEEG	2048.0	good	n/a
J9	SEEG	µV	0.0	1024.0	StereoEEG	2048.0	good	n/a
J10	SEEG	µV	0.0	1024.0	StereoEEG	2048.0	good	n/a
J11	SEEG	µV	0.0	1024.0	StereoEEG	2048.0	good	n/a
J'14	SEEG	µV	0.0	1024.0	StereoEEG	2048.0	good	n/a
J'15	SEEG	µV	0.0	1024.0	StereoEEG	2048.0	good	n/a
J'16	SEEG	µV	0.0	1024.0	StereoEEG	2048.0	good	n/a
K1	SEEG	µV	0.0	1024.0	StereoEEG	2048.0	good	n/a
K2	SEEG	µV	0.0	1024.0	StereoEEG	2048.0	good	n/a
K3	SEEG	µV	0.0	1024.0	StereoEEG	2048.0	good	n/a
K4	SEEG	µV	0.0	1024.0	StereoEEG	2048.0	good	n/a
K5	SEEG	µV	0.0	1024.0	StereoEEG	2048.0	good	n/a
K6	SEEG	µV	0.0	1024.0	StereoEEG	2048.0	good	n/a
K7	SEEG	µV	0.0	1024.0	StereoEEG	2048.0	good	n/a
K8	SEEG	µV	0.0	1024.0	StereoEEG	2048.0	good	n/a
L1	SEEG	µV	0.0	1024.0	StereoEEG	2048.0	good	n/a
L2	SEEG	µV	0.0	1024.0	StereoEEG	2048.0	good	n/a
L3	SEEG	µV	0.0	1024.0	StereoEEG	2048.0	good	n/a
L4	SEEG	µV	0.0	1024.0	StereoEEG	2048.0	good	n/a
L'9	SEEG	µV	0.0	1024.0	StereoEEG	2048.0	good	n/a
L'10	SEEG	µV	0.0	1024.0	StereoEEG	2048.0	good	n/a
L'11	SEEG	µV	0.0	1024.0	StereoEEG	2048.0	good	n/a
L'12	SEEG	µV	0.0	1024.0	StereoEEG	2048.0	good	n/a
L'13	SEEG	µV	0.0	1024.0	StereoEEG	2048.0	good	n/a
L'14	SEEG	µV	0.0	1024.0	StereoEEG	2048.0	good	n/a
L'15	SEEG	µV	0.0	1024.0	StereoEEG	2048.0	good	n/a
L'16	SEEG	µV	0.0	1024.0	StereoEEG	2048.0	good	n/a
DC1	SEEG	µV	0.0	1024.0	StereoEEG	2048.0	good	n/a
DC2	SEEG	µV	0.0	1024.0	StereoEEG	2048.0	good	n/a
DC3	SEEG	µV	0.0	1024.0	StereoEEG	2048.0	good	n/a
DC4	SEEG	µV	0.0	1024.0	StereoEEG	2048.0	good	n/a
DC5	SEEG	µV	0.0	1024.0	StereoEEG	2048.0	good	n/a
DC6	SEEG	µV	0.0	1024.0	StereoEEG	2048.0	good	n/a
DC7	SEEG	µV	0.0	1024.0	StereoEEG	2048.0	good	n/a
DC8	SEEG	µV	0.0	1024.0	StereoEEG	2048.0	good	n/a
DC9	SEEG	µV	0.0	1024.0	StereoEEG	2048.0	good	n/a
DC10	SEEG	µV	0.0	1024.0	StereoEEG	2048.0	good	n/a
DC11	SEEG	µV	0.0	1024.0	StereoEEG	2048.0	good	n/a
DC12	SEEG	µV	0.0	1024.0	StereoEEG	2048.0	good	n/a
DC13	SEEG	µV	0.0	1024.0	StereoEEG	2048.0	good	n/a
DC14	SEEG	µV	0.0	1024.0	StereoEEG	2048.0	good	n/a
DC15	SEEG	µV	0.0	1024.0	StereoEEG	2048.0	good	n/a
DC16	SEEG	µV	0.0	1024.0	StereoEEG	2048.0	good	n/a
TRIG	SEEG	µV	0.0	1024.0	StereoEEG	2048.0	good	n/a
OSAT	SEEG	n/a	0.0	1024.0	StereoEEG	2048.0	good	n/a
PR	SEEG	n/a	0.0	1024.0	StereoEEG	2048.0	good	n/a
Pleth	SEEG	µV	0.0	1024.0	StereoEEG	2048.0	good	n/a
