name	x	y	z	size
A1	n/a	n/a	n/a	n/a
A2	n/a	n/a	n/a	n/a
A3	n/a	n/a	n/a	n/a
A4	n/a	n/a	n/a	n/a
A5	n/a	n/a	n/a	n/a
A6	n/a	n/a	n/a	n/a
A7	n/a	n/a	n/a	n/a
A8	n/a	n/a	n/a	n/a
A9	n/a	n/a	n/a	n/a
A10	n/a	n/a	n/a	n/a
A11	n/a	n/a	n/a	n/a
A12	n/a	n/a	n/a	n/a
B1	n/a	n/a	n/a	n/a
B2	n/a	n/a	n/a	n/a
B3	n/a	n/a	n/a	n/a
B4	n/a	n/a	n/a	n/a
B5	n/a	n/a	n/a	n/a
B6	n/a	n/a	n/a	n/a
B7	n/a	n/a	n/a	n/a
B'12	n/a	n/a	n/a	n/a
B'13	n/a	n/a	n/a	n/a
B'14	n/a	n/a	n/a	n/a
B'15	n/a	n/a	n/a	n/a
B'16	n/a	n/a	n/a	n/a
C1	n/a	n/a	n/a	n/a
C2	n/a	n/a	n/a	n/a
C3	n/a	n/a	n/a	n/a
C4	n/a	n/a	n/a	n/a
C5	n/a	n/a	n/a	n/a
C6	n/a	n/a	n/a	n/a
C7	n/a	n/a	n/a	n/a
C8	n/a	n/a	n/a	n/a
D1	n/a	n/a	n/a	n/a
D2	n/a	n/a	n/a	n/a
D3	n/a	n/a	n/a	n/a
D4	n/a	n/a	n/a	n/a
D'9	n/a	n/a	n/a	n/a
D'10	n/a	n/a	n/a	n/a
D'11	n/a	n/a	n/a	n/a
D'12	n/a	n/a	n/a	n/a
E1	n/a	n/a	n/a	n/a
E2	n/a	n/a	n/a	n/a
E3	n/a	n/a	n/a	n/a
E4	n/a	n/a	n/a	n/a
E5	n/a	n/a	n/a	n/a
E6	n/a	n/a	n/a	n/a
E7	n/a	n/a	n/a	n/a
E8	n/a	n/a	n/a	n/a
E9	n/a	n/a	n/a	n/a
E10	n/a	n/a	n/a	n/a
F1	n/a	n/a	n/a	n/a
F2	n/a	n/a	n/a	n/a
F3	n/a	n/a	n/a	n/a
F4	n/a	n/a	n/a	n/a
F5	n/a	n/a	n/a	n/a
F6	n/a	n/a	n/a	n/a
F7	n/a	n/a	n/a	n/a
F8	n/a	n/a	n/a	n/a
F9	n/a	n/a	n/a	n/a
F10	n/a	n/a	n/a	n/a
F11	n/a	n/a	n/a	n/a
F12	n/a	n/a	n/a	n/a
G1	n/a	n/a	n/a	n/a
G2	n/a	n/a	n/a	n/a
G3	n/a	n/a	n/a	n/a
G4	n/a	n/a	n/a	n/a
G5	n/a	n/a	n/a	n/a
G'13	n/a	n/a	n/a	n/a
G'14	n/a	n/a	n/a	n/a
G'15	n/a	n/a	n/a	n/a
G'16	n/a	n/a	n/a	n/a
H1	n/a	n/a	n/a	n/a
H2	n/a	n/a	n/a	n/a
H3	n/a	n/a	n/a	n/a
H4	n/a	n/a	n/a	n/a
H5	n/a	n/a	n/a	n/a
H6	n/a	n/a	n/a	n/a
H'11	n/a	n/a	n/a	n/a
H'12	n/a	n/a	n/a	n/a
H'13	n/a	n/a	n/a	n/a
H'14	n/a	n/a	n/a	n/a
H'15	n/a	n/a	n/a	n/a
H'16	n/a	n/a	n/a	n/a
I1	n/a	n/a	n/a	n/a
I2	n/a	n/a	n/a	n/a
I3	n/a	n/a	n/a	n/a
I4	n/a	n/a	n/a	n/a
I5	n/a	n/a	n/a	n/a
I6	n/a	n/a	n/a	n/a
I7	n/a	n/a	n/a	n/a
I'11	n/a	n/a	n/a	n/a
I'12	n/a	n/a	n/a	n/a
I'13	n/a	n/a	n/a	n/a
I'14	n/a	n/a	n/a	n/a
I'15	n/a	n/a	n/a	n/a
I'16	n/a	n/a	n/a	n/a
J3	n/a	n/a	n/a	n/a
J4	n/a	n/a	n/a	n/a
J5	n/a	n/a	n/a	n/a
J6	n/a	n/a	n/a	n/a
J7	n/a	n/a	n/a	n/a
J8	n/a	n/a	n/a	n/a
J9	n/a	n/a	n/a	n/a
J10	n/a	n/a	n/a	n/a
J11	n/a	n/a	n/a	n/a
J'14	n/a	n/a	n/a	n/a
J'15	n/a	n/a	n/a	n/a
J'16	n/a	n/a	n/a	n/a
K1	n/a	n/a	n/a	n/a
K2	n/a	n/a	n/a	n/a
K3	n/a	n/a	n/a	n/a
K4	n/a	n/a	n/a	n/a
K5	n/a	n/a	n/a	n/a
K6	n/a	n/a	n/a	n/a
K7	n/a	n/a	n/a	n/a
K8	n/a	n/a	n/a	n/a
L1	n/a	n/a	n/a	n/a
L2	n/a	n/a	n/a	n/a
L3	n/a	n/a	n/a	n/a
L4	n/a	n/a	n/a	n/a
L'9	n/a	n/a	n/a	n/a
L'10	n/a	n/a	n/a	n/a
L'11	n/a	n/a	n/a	n/a
L'12	n/a	n/a	n/a	n/a
L'13	n/a	n/a	n/a	n/a
L'14	n/a	n/a	n/a	n/a
L'15	n/a	n/a	n/a	n/a
L'16	n/a	n/a	n/a	n/a
